{
    "loss": 26.16147804260254,
    "accuracy": 0.3076923191547394
}